jairo@cocchiengenharia.onmicrosoft.com:Tackobra1234
debora.panjaitan@communicationforchange.id:Hom32tuck
asmania479.kkr20@guruinovatif.net:Penyejukjiw4
administrator@dns03.onmicrosoft.com:Son03062002
2023371@anmy.sgdbinhduong.edu.vn:Tan17102005
hoquoctuong96@crpolytechnic.in:iloveGod0610
rdpserver@shoppingon.net:ZXCV!@#$zxcv1234
jcarril1@bancoestado.cl:Banco.12345678
ddingle2@liberty.edu:Borntowin12
v.berron@betims.fr:Paq67032
administrator@jisabolivia.com:J1$@admin2020
denilson.nazaret@fortbras.com.br:Fortbras@0809
cocosurosu@cocosurosu.onmicrosoft.com:Rozs466257
ktrojnacki1@zstmielec.pl:Krzys2704troj0604
a.rudzki@pielgrzymowice.onmicrosoft.com:Bombelek1
sc.michell.maldonado.a@upds.net.bo:u.5856064
ami@gindi.com:9783daR
geral@umsonhoeumcaminho.onmicrosoft.com:Diogo123
elefanteingegneria@ingstefanoelefante.onmicrosoft.com:36palleaterra!!
wahid.okeidi@stud.fra-uas.de:EINzugs1998
admin@sjsmec.onmicrosoft.com:123@India@123
gerard.palombieri@ac-versailles.fr:Micr&2226
1870214@aluno.mt.gov.br:"DDjT*P5QV5.U@y"""
rodrigo@soden.com.br:RojO@2*8
professor@barcovoador.onmicrosoft.com:Mudar123!@#
mohmed.20160055@gei.edu.eg:14500Medo
itsupport@staf.amikompurwokerto.ac.id:Laboran2020
1832005@kiit.ac.in:Nidhi0657
gustavobaz@ceaja.onmicrosoft.com:2344c15EBA
jay@viva.works:BabyErin24!
admin@vitoriastone.com:123!@#T1v$18#
admin@comaspa.onmicrosoft.com:ComPsw$20!
admin365@ballarini-interni.com:Aldebrasp@VR
admin365@fisspa.onmicrosoft.com:Aldebrasp@
admin@aprili.onmicrosoft.com:Aldebrasp@2016
elif.ayca.kara@sakarya.education:Test123@
josh@linnsystems.net:Izzy1105
chad@wormington.ca:!Keapet101
miko@mikoooo.onmicrosoft.com:#G@5#5omagnCxSSA
informatica103@ver.conalep.edu.mx:H@b365H@b369
robosnk3@smartflix.onmicrosoft.com:Antonia13091986
ti@almeidalaw.com.br:Laura@10
jimmy.garzon928@educacionbogota.edu.co:2ntzeG%.BPPK3!6
hi@shibazaki.onmicrosoft.com:Share6998
ckteo@appeugene1909.onmicrosoft.com:Password2k
rare@howwecan.onmicrosoft.com:Sh@mpa12#4
admin@starch53office.onmicrosoft.com:Starch-touka
sitimasrurin.web4@pgribatujaya.id:Slcc2021
moscato@infissi.onmicrosoft.com:19613105Pm
arihp@aritecno.onmicrosoft.com:Sep_1968
helpdesk3@adkcentral.com:Quz19630
michele6000@grecoindustries.onmicrosoft.com:Michele1996
james@nexuspp.onmicrosoft.com:latisha_1
prihatin@sangata.onmicrosoft.com:123Nafis
h.yahia@lfu.edu.krd:New3476vbs
chya.hamad@lfu.edu.krd:Kord0ztan
325902@r4a-1.deped.gov.ph:@Pal2ihs
1851010405@pnt.edu.vn:PNT123a@
denis.santos@dcstechautomacao.onmicrosoft.com:10DCSTech@2
vinicius@hycore.com.br:Aleonard0.
ti@bioscieltda.onmicrosoft.com:Bio#3864
lordvini@unicentro2k18.onmicrosoft.com:Sr.Heindall
rahul.singh@gjust.org:Ihacked-1996
matejdvoracek@itpraha.onmicrosoft.com:Pasticka6
bagger@brothersisterhoodtrucking.com:Management2021@!!
masterofnone54@brothersisterhoodtrucking.com:Kenworth2020
syahruls.zein@unisba.ac.id:nokia.x.201
dsharma@kyscent.com:Welcome2k
ialhasany@mdssa.onmicrosoft.com:Ihsan@2017
admin@navsatcr.onmicrosoft.com:sW97mcKl$
mtorrez@brfgroupcontractors.onmicrosoft.com:Ecoone010892
lecming@aimlearningcentre.com:@$askn%(ksj!0
admin@embunelitmgmt.onmicrosoft.com:Embunelit.2021
tsgoh56@pisbwedding.onmicrosoft.com:Pisb64886488
irwanhs@guruinovatif.com:miLa1986
mgrunert@banro.com:S@kin@321
matias@logisticamg.onmicrosoft.com:Guty1380
bilal@theisource.com:0rAc!E1$57-#
admin@ksmcloud7.onmicrosoft.com:Babydadi13
achelay@tplisboa2303547.onmicrosoft.com:TriniteeTrinitee77**
shanvanth@shanvanth.onmicrosoft.com:jupiter_05
mostafa.9056058@abroad.moe.edu.eg:M@egt9056058
yakubs22@dyc.edu:Sya22086
mehmet@kocaeliuniverste.onmicrosoft.com:Ozer1999.
timujian2021@smknegeri3banyumas.sch.id:Curiculum2021
admin@pademo3.onmicrosoft.com:Prof@dv123
rabbiengcons@fahadrabbi.onmicrosoft.com:Company1212
gustavobaz@ceaja.onmicrosoft.com:2344c15EBA
suporte@varejoplay.com.br:Varejoplay9@
admin@wistecsolucionestec.onmicrosoft.com:Wistec2019*
theshykhajiit@9liveslive.onmicrosoft.com:Yn568821
jose_balarezo@unu.edu.pe:Espectruz1982
akihitomirai@mrtmhs.onmicrosoft.com:09158840345Devil
mwilkos@sp8lebork.onmicrosoft.com:<QZBL9&Gs6x;S4U
ger6881@k12.smcps.org:Indiana705
trungdq@shapc.edu.vn:tomvY@*#08
admin@acobett.onmicrosoft.com:@4c0b3tt@
asmania479.kkr20@guruinovatif.net:Penyejukjiw4
yayasan@rydha.onmicrosoft.com:B4nyu4sih#2
jv@bhapra.com:Arjun@1175
np@chemx.onmicrosoft.com:100%Hardwork
dennis.angermann@lichtblickcottbus.onmicrosoft.com:Don#0815!
marco.kromer@mynet.group:$K101mmkrom
rdpserver@shoppingon.net:ZXCV!@#$zxcv1234
ddingle2@liberty.edu:Borntowin12
p4admin@sunsetbeach.fun:Pr04!a_@B_)
admin@ourhomesofamerica.onmicrosoft.com:HumbleAbodes4p4!
marcio.delboni@stratford.com.br:S@tratford01@
bia10_bensch@faculdadeceunsp.onmicrosoft.com:Sapato123
adm@rttexpress.onmicrosoft.com:Rtt@2021
janio.oliveira@tecevents.com.br:Tec.events10
contato@tecevents.com.br:Tec.events10
admin@redmasargentinasociedadanon.onmicrosoft.com:C1sn3r0s-1nt3r4ct1v3
fede@cisnerosinteractive.com:50600341*Sole
cb.oscar.arroyo.l@upds.net.bo:Upds2021
coordinacion@virgenninaepdb.org:463224011Avc
edysugianor@guruinovatif.com:Mirza020
angga.apiputra@telkom.co.id:Angg4tampan
sittihusnah@guruinovatif.net:19Nana73
nurulh.jatim8@guruinovatif.com:Flamboyan52
productteam@witthailand.onmicrosoft.com:*Wit14224
elionaldo@kasioto.onmicrosoft.com:Mambanegra1
it@payretomsoffice.onmicrosoft.com:n3w$Micr0s0ft1!2021
awny@awnyjaradat.onmicrosoft.com:pioneerX@123
awny@leaveatrace.onmicrosoft.com:jaradatX@123
monarucia2@maderasyguaduas.onmicrosoft.com:Rubi789321
kley@electrozy.onmicrosoft.com:Kleusberg1469
dtapiaj@danieltapiajimenez.onmicrosoft.com:porelamor_6482
marlonsg1@suempresapierde.onmicrosoft.com:Guarana12345
jay@viva.works:BabyErin24!
cese_administracion@ceseconsultores.onmicrosoft.com:Cese$2018.%
cmarin@nwecotech.onmicrosoft.com:05TaHm16
egonzalez@tdslm.com:E0$mex1c0
administrador@grupodiniz.com.mx:gDiniz.2020
agm.2020@ormondgrp.onmicrosoft.com:Welcome2020
shhwang@imtengineering.onmicrosoft.com:iMTeNG!23
12074@saitostudent.edu.my:Diabolo99
pcfive@pcfive.onmicrosoft.com:5498369Mi
alexandra_reyes3@usmp.pe:alereyes22
waandersonsantos99@gmail.com:fl@mengo1
eyram.matelot@esig.tg:Dychou&berchou
huihui@7gs0w3.onmicrosoft.com:microsoft2Hui
sidigtriyono.pwno1@guruinovatif.com:mastr10TOP
felix.rafalimanana@teknetgroup.com:Xj.20ymx/Cpd.20
burhan.ahmed@nlc.com.pk:abcd@1234
kemuelmatthew@mail.ugm.ac.id:Fcbayern9
minentle.gcakini@futurenationschools.com:FNS2020@stu
dzygmunt@zszprzeworsksobieski.onmicrosoft.com:Oliwka1Brutus2
bahaeddine@salbah2012.onmicrosoft.com:9632159632BBBBbbb
yambaocm@students.nu-laguna.edu.ph:ZkuQPHAm37
lacine@sanogomagnan.onmicrosoft.com:magnan2020SANGARE
admin@mimnuic.onmicrosoft.com:@dm1nsekolah
galafre@einterativa.onmicrosoft.com:*Gf940501
juliano.souza@iesdeteste.onmicrosoft.com:T4d*2ol5
muh.ridwan@acelatanete.onmicrosoft.com:Qwerty123456
frjoseph@loyolaschooltvm.edu.in:yYiBVnxB3042#
yadvendra@kpauto.info:Nandan@d2
admin@mengrai.onmicrosoft.com:365Mengrai
yuysaku@365.mengrai.ac.th:Kyuy8676
greucuentas@entelcrm.onmicrosoft.com:Back123&
ramoliu@5j789.onmicrosoft.com:C36eFdVSe
danilo@asouza123.onmicrosoft.com:291080Daf
robert.nken@moore-ca.com:Secret2@20
babajide.falase@ssmanpowerltd.com:digimon@98
admin@ssmanpowerltd.com:Samsonite399
clhojas@silosromeral.cl:RamoTano19261926.
rector@nuevocampestre.onmicrosoft.com:C@mpestre2018
acatindig@psionline.com:W1nter!scom!ng101298
tradex@tradexltda.onmicrosoft.com:UYtra2014
it@cipmlk.org:0pnet$1mulat10n
afzal@mrmmv.onmicrosoft.com:Afxal00513$&
202030146@issu.edu.do:Vegetta777
mohamedmaheir22020@dtu.edu.eg:96fgyn##10
482465539@cairo6.moe.edu.eg:Std#070114
mohamed.mahir2020@dtu.edu.eg:Jut686411
yousefakeel.2020@azhar.edu.eg:P@ssw0rd
ahmed.20180206@gei.edu.eg:Ahm12378
bridge@abmaritime.com.jo:Kaf20663
455169565@minia2.moe.edu.eg:Std#060803
460009080@minia2.moe.edu.eg:Std#070828
460768428@minia2.moe.edu.eg:Std#071207
473109233@minia2.moe.edu.eg:Std#041205
ahmed.laroussitrabelsi@viacesi.fr:Cudec488
460019778@minia2.moe.edu.eg:Std#080227
florelena.martinez@unah.hn:Akalapastruka@829
k.el_bezi@epa-nouvelleaquitaine.fr:Entreprendre@1
ljgiron@unah.hn:#Bobesponja07
setyo.kurniawan@daw.co.id:PSdajsnf@332
admin@dharmaagung.onmicrosoft.com:D4wNG4dimin4217
angie.izcano@unah.hn:Wefoundlove05@
7ee29@sanclar.sch.id:Vainzjr888
manuneza@unah.hn:45.Marce.22
ko.csenge@bkeszia.hu:Ko72801521087
spendapul@dindikponorogo.id:smpn2Pulung
spm053578101108080000@dispendik.surabaya.go.id:Spemma1971
laordonezc@unah.hn:Luis2000@
dimaspremono.rpl20@smkn5solo.sch.id:S_Quadron
mbro349@microffice.live:Hahaha12345
joppurba29@officeku.org:Hahaha1234
dianpw6901@esmart3.onmicrosoft.com:K3n4ng@npw
angelika.615180010@stu.untar.ac.id:20Agustusay
djoko_prayitno.spendapul@dindikponorogo.id:smpn2PULUNG
kur.spendapul@dindikponorogo.id:Smpn2pulung
poojanegi@davkailashhills.onmicrosoft.com:Demonslayer666
satish@myfuturehub.com:myfuturehub@143
sahil5011488@bpsstudent.org.in:Yasosa@20
rushikethu.2021em17@mnnit.ac.in:Rushi10@
13121@bsbs.elite-sis.com:Yov12425
jagravgoswami@dpsguwahati.onmicrosoft.com:Amox19@100
stu08496@sdaschool.online:sda@23176
madhuryakalita@dpsguwahati.onmicrosoft.com:gtA2k61MK200
312319104099@stjosepshs.onmicrosoft.com:mukundan@2001
sourav.choudhary@ais.amity.edu:@6454B51S
haroon.rasheed23@sibm.edu.in:Banu*7092
9022.dpsgm@dpsgs.org:Gauri#@15
sakshi.choudhary@ais.amity.edu:@E5FA111S
hcst4174@hcstgn.in:Hcst@4174
s4034@shcsfp.in:HLA@0478#
psbs0667@presidency.edu.in:Manjula@11
saagar@shikshasagarhighschool.onmicrosoft.com:Strucy@teams
12665.chandramohan@holyangels-school.online:CMP@2020
s2898@shcsfp.in:HLA@0745#
xih.nikhitha@saps.ac.in:F8F^wwr.d2x#i.M
01265202001654@holyangels-school.online:YAP@2020
psbs1095@presidency.edu.in:Anika@11
gs3d19@pdm.ac.in:Guram2002
12665.anupriyamohan@holyangels-school.online:ANU@2020
01265202001802@holyangels-school.online:SAM@2020
